image,detection_index,class_id,class_name,score,x1,y1,x2,y2,width,height,area
fenqusai/test_photo/000000109.jpg,0,0,plate,0.723665714263916,5,11,113,40,108,29,3132
fenqusai/test_photo/000000110.jpg,0,0,plate,0.5963878631591797,18,9,124,40,106,31,3286
fenqusai/test_photo/000000125.jpg,0,0,plate,0.26182880997657776,12,5,127,41,115,36,4140
fenqusai/test_photo/000000126.jpg,0,0,plate,0.6763911247253418,4,7,102,40,98,33,3234
fenqusai/test_photo/000000200.jpg,0,0,plate,0.7054831981658936,25,6,117,43,92,37,3404
fenqusai/test_photo/000000206.jpg,0,0,plate,0.4072892665863037,14,8,124,41,110,33,3630
fenqusai/test_photo/000000219.jpg,0,1,person,0.30078887939453125,108,19,119,46,11,27,297
fenqusai/test_photo/0302734375-95_254-229&410_508&519-508&519_241&483_229&410_498&439-0_0_5_24_31_24_24_24-105-51.jpg,0,0,plate,0.89874267578125,227,410,506,521,279,111,30969
fenqusai/test_photo/0348046875-94_241-216&458_513&576-513&576_249&537_216&458_480&480-0_0_5_24_31_24_30_32-69-40.jpg,0,0,plate,0.8878707885742188,213,457,514,573,301,116,34916
fenqusai/test_photo/034921875-97_247-191&443_489&561-489&561_209&516_191&443_477&482-0_0_3_24_30_28_33_32-65-188.jpg,0,0,plate,0.9023666381835938,190,443,488,567,298,124,36952
fenqusai/test_photo/03671875-106_247-213&385_448&542-448&542_221&459_213&385_443&457-0_0_3_26_30_30_26_33-107-61.jpg,0,0,plate,0.8951187133789062,208,385,450,539,242,154,37268
fenqusai/test_photo/0369140625-81_260-299&432_569&570-559&507_299&570_300&482_569&432-0_0_3_25_24_24_24_26-93-44.jpg,0,0,plate,0.9023666381835938,294,434,564,572,270,138,37260
fenqusai/test_photo/046015625-97_243-180&408_522&543-522&543_208&495_180&408_501&451-0_0_3_24_30_30_33_25-61-79.jpg,0,0,plate,0.8733749389648438,178,412,523,547,345,135,46575
fenqusai/test_photo/049921875-80_275-250&410_534&587-534&506_259&587_250&469_530&410-0_0_3_17_25_25_30_25-128-23.jpg,0,0,plate,0.89874267578125,255,406,535,591,280,185,51800
fenqusai/test_photo/1006.jpg,0,0,plate,0.8806228637695312,140,291,239,351,99,60,5940
fenqusai/test_photo/1006.jpg,1,2,car,0.5963878631591797,118,111,669,498,551,387,213237
fenqusai/test_photo/14.jpg,0,0,plate,0.8149032592773438,463,238,509,262,46,24,1104
fenqusai/test_photo/18.jpg,0,0,plate,0.9018548130989075,272,566,462,681,190,115,21850
fenqusai/test_photo/195.jpg,0,0,plate,0.9091278314590454,130,125,301,261,171,136,23256
fenqusai/test_photo/204.jpg,0,0,plate,0.865489661693573,131,211,394,291,263,80,21040
fenqusai/test_photo/210.jpg,0,0,plate,0.8516311645507812,270,252,436,304,166,52,8632
fenqusai/test_photo/211.jpg,0,0,plate,0.8335113525390625,516,340,636,397,120,57,6840
fenqusai/test_photo/212.jpg,0,0,plate,0.855255126953125,252,243,364,275,112,32,3584
fenqusai/test_photo/213.jpg,0,0,plate,0.8806228637695312,458,497,641,643,183,146,26718
fenqusai/test_photo/214.jpg,0,0,plate,0.8769989013671875,236,451,419,519,183,68,12444
fenqusai/test_photo/215.jpg,0,0,plate,0.884246826171875,182,322,304,359,122,37,4514
fenqusai/test_photo/216.jpg,0,0,plate,0.8298873901367188,151,146,246,174,95,28,2660
fenqusai/test_photo/217.jpg,0,0,plate,0.8226394653320312,328,356,469,419,141,63,8883
fenqusai/test_photo/218.jpg,0,0,plate,0.8878707885742188,99,331,211,384,112,53,5936
fenqusai/test_photo/219.jpg,0,0,plate,0.826263427734375,326,192,398,218,72,26,1872
fenqusai/test_photo/22.jpg,0,0,plate,0.8914947509765625,894,465,1122,621,228,156,35568
fenqusai/test_photo/220.jpg,0,0,plate,0.8335113525390625,229,136,340,179,111,43,4773
fenqusai/test_photo/221.jpg,0,0,plate,0.7900238037109375,173,581,298,621,125,40,5000
fenqusai/test_photo/222.jpg,0,0,plate,0.8509436249732971,31,102,133,131,102,29,2958
fenqusai/test_photo/223.jpg,0,0,plate,0.8661270141601562,504,533,726,626,222,93,20646
fenqusai/test_photo/224.jpg,0,0,plate,0.8661270141601562,156,228,298,273,142,45,6390
fenqusai/test_photo/225.jpg,0,0,plate,0.8800357580184937,242,228,568,328,326,100,32600
fenqusai/test_photo/226.jpg,0,0,plate,0.8806228637695312,284,265,547,348,263,83,21829
fenqusai/test_photo/227.jpg,0,0,plate,0.8282623291015625,387,235,437,262,50,27,1350
fenqusai/test_photo/228.jpg,0,0,plate,0.8335113525390625,96,146,144,168,48,22,1056
fenqusai/test_photo/229.jpg,0,0,plate,0.8806228637695312,182,442,315,493,133,51,6783
fenqusai/test_photo/229.jpg,1,2,car,0.8733749389648438,693,162,749,236,56,74,4144
fenqusai/test_photo/229.jpg,2,2,car,0.5644207000732422,616,146,669,200,53,54,2862
fenqusai/test_photo/25.jpg,0,0,plate,0.8769989013671875,402,548,939,719,537,171,91827
fenqusai/test_photo/26.jpg,0,0,plate,0.84075927734375,261,498,426,558,165,60,9900
fenqusai/test_photo/30.jpg,0,0,plate,0.8182430267333984,245,169,312,191,67,22,1474
fenqusai/test_photo/3040625-99_253-195&400_483&542-482&542_207&496_195&400_483&450-0_0_3_25_26_30_30_30-114-232.jpg,0,0,plate,0.9023666381835938,191,413,483,537,292,124,36208
fenqusai/test_photo/304515625-74_83-221&426_493&594-493&512_237&594_221&506_482&426-0_0_5_24_29_33_29_32-108-73.jpg,0,0,plate,0.9168624877929688,221,422,491,599,270,177,47790
fenqusai/test_photo/30671875-101_110-88&427_475&602-475&602_119&522_88&427_458&484-0_0_3_24_30_24_31_33-82-166.jpg,0,0,plate,0.9091278314590454,88,424,470,598,382,174,66468
fenqusai/test_photo/32.jpg,0,0,plate,0.84075927734375,599,529,786,593,187,64,11968
fenqusai/test_photo/33.jpg,0,0,plate,0.8215827941894531,770,331,884,378,114,47,5358
fenqusai/test_photo/34.jpg,0,0,plate,0.8480072021484375,249,285,340,318,91,33,3003
fenqusai/test_photo/37.jpg,0,0,plate,0.8582166433334351,20,170,219,233,199,63,12537
fenqusai/test_photo/374.jpg,0,0,plate,0.8697509765625,485,605,705,669,220,64,14080
fenqusai/test_photo/38.jpg,0,0,plate,0.8215827941894531,544,227,662,265,118,38,4484
fenqusai/test_photo/38.jpg,1,2,car,0.2872200012207031,1237,231,1279,287,42,56,2352
fenqusai/test_photo/38_0576.jpg,0,0,plate,0.8516407012939453,1314,936,1419,970,105,34,3570
fenqusai/test_photo/38_0576.jpg,1,0,plate,0.8249225616455078,600,776,690,807,90,31,2790
fenqusai/test_photo/38_0665.jpg,0,0,plate,0.8115634918212891,1431,1020,1537,1059,106,39,4134
fenqusai/test_photo/38_0665.jpg,1,0,plate,0.7514476776123047,504,681,579,709,75,28,2100
fenqusai/test_photo/38_0665.jpg,2,0,plate,0.43750953674316406,1191,348,1240,367,49,19,931
fenqusai/test_photo/38_0689.jpg,0,0,plate,0.7982044219970703,1402,662,1525,700,123,38,4674
fenqusai/test_photo/38_0689.jpg,1,0,plate,0.5472183227539062,290,336,388,382,98,46,4508
fenqusai/test_photo/38_0727.jpg,0,0,plate,0.8215827941894531,1475,699,1599,739,124,40,4960
fenqusai/test_photo/38_0727.jpg,1,0,plate,0.8182430267333984,532,854,663,895,131,41,5371
fenqusai/test_photo/38_0738.jpg,0,0,plate,0.801544189453125,1,588,68,618,67,30,2010
fenqusai/test_photo/38_0738.jpg,1,0,plate,0.7881851196289062,805,720,905,752,100,32,3200
fenqusai/test_photo/38_0738.jpg,2,0,plate,0.7848453521728516,1386,509,1469,541,83,32,2656
fenqusai/test_photo/38_0751.jpg,0,0,plate,0.8048839569091797,1262,777,1372,823,110,46,5060
fenqusai/test_photo/38_0751.jpg,1,0,plate,0.7180500030517578,625,503,712,536,87,33,2871
fenqusai/test_photo/38_0751.jpg,2,0,plate,0.5243434906005859,1605,205,1678,239,73,34,2482
fenqusai/test_photo/38_0751.jpg,3,0,plate,0.35877227783203125,1118,70,1181,98,63,28,1764
fenqusai/test_photo/38_0754.jpg,0,0,plate,0.8249225616455078,481,862,595,907,114,45,5130
fenqusai/test_photo/38_0754.jpg,1,0,plate,0.8215827941894531,1035,618,1135,655,100,37,3700
fenqusai/test_photo/38_0754.jpg,2,0,plate,0.6178569793701172,1340,83,1407,109,67,26,1742
fenqusai/test_photo/38_0754.jpg,3,0,plate,0.2536773681640625,1613,23,1670,47,57,24,1368
fenqusai/test_photo/38_0778.jpg,0,0,plate,0.7581272125244141,1124,456,1202,488,78,32,2496
fenqusai/test_photo/38_0778.jpg,1,0,plate,0.6312160491943359,1457,294,1523,319,66,25,1650
fenqusai/test_photo/38_0831.jpg,0,0,plate,0.8215827941894531,557,928,694,973,137,45,6165
fenqusai/test_photo/38_0831.jpg,1,0,plate,0.8082237243652344,1418,674,1529,713,111,39,4329
fenqusai/test_photo/38_0838.jpg,0,0,plate,0.7982044219970703,62,648,167,683,105,35,3675
fenqusai/test_photo/38_0838.jpg,1,0,plate,0.7848453521728516,1096,641,1196,678,100,37,3700
fenqusai/test_photo/38_0860.jpg,0,0,plate,0.8149032592773438,1755,792,1899,841,144,49,7056
fenqusai/test_photo/38_0860.jpg,1,0,plate,0.74810791015625,601,121,689,151,88,30,2640
fenqusai/test_photo/39.jpg,0,0,plate,0.8697509765625,200,162,273,186,73,24,1752
fenqusai/test_photo/39.jpg,1,0,plate,0.37326812744140625,170,124,214,138,44,14,616
fenqusai/test_photo/40.jpg,0,0,plate,0.8769989013671875,240,241,367,287,127,46,5842
fenqusai/test_photo/41_0670.jpg,0,0,plate,0.8149032592773438,1482,881,1610,925,128,44,5632
fenqusai/test_photo/41_0670.jpg,1,0,plate,0.8048839569091797,603,439,697,472,94,33,3102
fenqusai/test_photo/41_0686.jpg,0,0,plate,0.8082237243652344,1157,553,1253,590,96,37,3552
fenqusai/test_photo/41_0686.jpg,1,0,plate,0.7815055847167969,208,246,281,271,73,25,1825
fenqusai/test_photo/41_0705.jpg,0,0,plate,0.8149032592773438,1359,832,1478,882,119,50,5950
fenqusai/test_photo/41_0705.jpg,1,0,plate,0.7915248870849609,423,391,511,421,88,30,2640
fenqusai/test_photo/41_0734.jpg,0,0,plate,0.8082237243652344,745,532,835,565,90,33,2970
fenqusai/test_photo/41_0734.jpg,1,0,plate,0.5182266235351562,337,90,392,110,55,20,1100
fenqusai/test_photo/41_0752.jpg,0,0,plate,0.7781658172607422,604,585,693,615,89,30,2670
fenqusai/test_photo/41_0752.jpg,1,0,plate,0.7781658172607422,1253,485,1335,512,82,27,2214
fenqusai/test_photo/41_0752.jpg,2,0,plate,0.33063697814941406,1131,237,1189,258,58,21,1218
fenqusai/test_photo/41_0752.jpg,3,0,plate,0.33063697814941406,1866,197,1919,223,53,26,1378
fenqusai/test_photo/41_0775.jpg,0,0,plate,0.8215827941894531,1492,768,1617,812,125,44,5500
fenqusai/test_photo/41_0775.jpg,1,0,plate,0.7748260498046875,678,371,767,403,89,32,2848
fenqusai/test_photo/41_0793.jpg,0,0,plate,0.8516407012939453,381,931,495,974,114,43,4902
fenqusai/test_photo/41_0793.jpg,1,0,plate,0.6211967468261719,509,392,579,418,70,26,1820
fenqusai/test_photo/41_0797.jpg,0,0,plate,0.8516407012939453,1509,804,1617,838,108,34,3672
fenqusai/test_photo/41_0797.jpg,1,0,plate,0.7380886077880859,1364,285,1436,311,72,26,1872
fenqusai/test_photo/41_0801.jpg,0,0,plate,0.8316020965576172,1386,628,1501,668,115,40,4600
fenqusai/test_photo/41_0801.jpg,1,0,plate,0.8249225616455078,599,861,725,902,126,41,5166
fenqusai/test_photo/41_0801.jpg,2,0,plate,0.7581272125244141,1138,303,1230,336,92,33,3036
fenqusai/test_photo/41_0803.jpg,0,0,plate,0.8282623291015625,1425,762,1546,804,121,42,5082
fenqusai/test_photo/41_0803.jpg,1,0,plate,0.7247295379638672,1186,155,1266,184,80,29,2320
fenqusai/test_photo/41_0812.jpg,0,0,plate,0.8382816314697266,259,944,387,996,128,52,6656
fenqusai/test_photo/41_0812.jpg,1,0,plate,0.49762535095214844,192,92,252,114,60,22,1320
fenqusai/test_photo/41_0837.jpg,0,0,plate,0.8249225616455078,1316,818,1431,857,115,39,4485
fenqusai/test_photo/41_0837.jpg,1,0,plate,0.6813125610351562,422,294,494,319,72,25,1800
fenqusai/test_photo/41_0837.jpg,2,0,plate,0.25716209411621094,1255,184,1310,202,55,18,990
fenqusai/test_photo/41_0847.jpg,0,0,plate,0.8149032592773438,1441,858,1565,896,124,38,4712
fenqusai/test_photo/41_0847.jpg,1,0,plate,0.8048839569091797,410,575,514,612,104,37,3848
fenqusai/test_photo/41_0862.jpg,0,0,plate,0.8282623291015625,384,730,525,776,141,46,6486
fenqusai/test_photo/41_0862.jpg,1,0,plate,0.7714862823486328,1294,120,1401,161,107,41,4387
fenqusai/test_photo/41_0862.jpg,2,0,plate,0.7113704681396484,263,53,358,85,95,32,3040
fenqusai/test_photo/41_0878.jpg,0,0,plate,0.8483009338378906,202,898,321,939,119,41,4879
fenqusai/test_photo/41_0878.jpg,1,0,plate,0.8449611663818359,1164,1107,1294,1152,130,45,5850
fenqusai/test_photo/41_0902.jpg,0,0,plate,0.8516407012939453,753,893,857,930,104,37,3848
fenqusai/test_photo/41_0902.jpg,1,0,plate,0.6245365142822266,1522,323,1591,348,69,25,1725
fenqusai/test_photo/41_0902.jpg,2,0,plate,0.6078376770019531,601,378,664,402,63,24,1512
fenqusai/test_photo/41_0902.jpg,3,0,plate,0.5636592507362366,983,230,1038,250,55,20,1100
fenqusai/test_photo/41_0902.jpg,4,0,plate,0.25048255920410156,1410,98,1464,118,54,20,1080
fenqusai/test_photo/41_0929.jpg,0,0,plate,0.8048839569091797,721,710,832,751,111,41,4551
fenqusai/test_photo/41_0929.jpg,1,0,plate,0.7714862823486328,820,241,898,270,78,29,2262
fenqusai/test_photo/41_0929.jpg,2,0,plate,0.7414283752441406,1441,366,1524,398,83,32,2656
fenqusai/test_photo/41_0953.jpg,0,0,plate,0.8416213989257812,1343,840,1501,895,158,55,8690
fenqusai/test_photo/41_0953.jpg,1,0,plate,0.8349418640136719,255,931,414,981,159,50,7950
fenqusai/test_photo/41_0953.jpg,2,0,plate,0.7514476776123047,1493,202,1593,247,100,45,4500
fenqusai/test_photo/41_0999.jpg,0,0,plate,0.7948646545410156,1420,716,1517,748,97,32,3104
fenqusai/test_photo/41_0999.jpg,1,0,plate,0.7748260498046875,1102,425,1180,452,78,27,2106
fenqusai/test_photo/41_0999.jpg,2,0,plate,0.49094581604003906,1163,151,1225,174,62,23,1426
fenqusai/test_photo/42.jpg,0,0,plate,0.8190155029296875,258,442,328,466,70,24,1680
fenqusai/test_photo/44.jpg,0,0,plate,0.8800357580184937,190,214,429,288,239,74,17686
fenqusai/test_photo/46.jpg,0,0,plate,0.8769989013671875,229,593,379,686,150,93,13950
fenqusai/test_photo/47.jpg,0,0,plate,0.8733749389648438,227,340,392,385,165,45,7425
fenqusai/test_photo/48.jpg,0,0,plate,0.8081436157226562,152,236,303,290,151,54,8154
fenqusai/test_photo/48_0073.jpg,0,0,plate,0.8115634918212891,1802,856,1917,894,115,38,4370
fenqusai/test_photo/48_0073.jpg,1,0,plate,0.6679534912109375,1684,143,1751,171,67,28,1876
fenqusai/test_photo/48_0193.jpg,0,0,plate,0.8449611663818359,1428,796,1585,857,157,61,9577
fenqusai/test_photo/48_0193.jpg,1,0,plate,0.8048839569091797,345,684,488,736,143,52,7436
fenqusai/test_photo/48_0193.jpg,2,0,plate,0.7547874450683594,1749,198,1859,242,110,44,4840
fenqusai/test_photo/48_0283.jpg,0,0,plate,0.8149032592773438,1595,769,1715,811,120,42,5040
fenqusai/test_photo/48_0283.jpg,1,0,plate,0.7915248870849609,795,718,916,759,121,41,4961
fenqusai/test_photo/48_0283.jpg,2,0,plate,0.7714862823486328,791,281,875,312,84,31,2604
fenqusai/test_photo/49.jpg,0,0,plate,0.8769989013671875,337,318,446,358,109,40,4360
fenqusai/test_photo/55.jpg,0,0,plate,0.8697509765625,117,254,408,485,291,231,67221
fenqusai/test_photo/58.jpg,0,0,plate,0.8733749389648438,274,699,502,800,228,101,23028
fenqusai/test_photo/64_0236.jpg,0,0,plate,0.8149032592773438,1496,519,1604,559,108,40,4320
fenqusai/test_photo/64_0236.jpg,1,0,plate,0.7982044219970703,540,717,659,759,119,42,4998
fenqusai/test_photo/64_0236.jpg,2,0,plate,0.47090721130371094,1126,179,1206,207,80,28,2240
fenqusai/test_photo/64_0833.jpg,0,0,plate,0.7714862823486328,667,738,762,773,95,35,3325
fenqusai/test_photo/64_0833.jpg,1,0,plate,0.7447681427001953,1799,968,1896,1000,97,32,3104
fenqusai/test_photo/64_0833.jpg,2,0,plate,0.5477218627929688,1626,244,1687,266,61,22,1342
fenqusai/test_photo/653.jpg,0,0,plate,0.8697509765625,504,533,725,626,221,93,20553
fenqusai/test_photo/655.jpg,0,0,plate,0.8249225616455078,558,242,673,282,115,40,4600
fenqusai/test_photo/657.jpg,0,0,plate,0.8769989013671875,281,353,416,401,135,48,6480
fenqusai/test_photo/667.jpg,0,0,plate,0.8697509765625,154,130,266,161,112,31,3472
fenqusai/test_photo/668.jpg,0,0,plate,0.811767578125,186,150,250,169,64,19,1216
fenqusai/test_photo/668.jpg,1,2,car,0.7465362548828125,359,97,399,170,40,73,2920
fenqusai/test_photo/673.jpg,0,0,plate,0.8473071455955505,211,289,522,384,311,95,29545
fenqusai/test_photo/675.jpg,0,0,plate,0.8443832397460938,152,143,284,184,132,41,5412
fenqusai/test_photo/677.jpg,0,0,plate,0.8215827941894531,386,132,452,152,66,20,1320
fenqusai/test_photo/678.jpg,0,0,plate,0.8625030517578125,197,202,335,243,138,41,5658
fenqusai/test_photo/680.jpg,0,0,plate,0.8048839569091797,408,222,454,246,46,24,1104
fenqusai/test_photo/681.jpg,0,0,plate,0.8335113525390625,133,186,295,251,162,65,10530
fenqusai/test_photo/684.jpg,0,0,plate,0.8473071455955505,46,89,213,133,167,44,7348
fenqusai/test_photo/686.jpg,0,0,plate,0.9096145629882812,229,236,421,286,192,50,9600
fenqusai/test_photo/687.jpg,0,0,plate,0.8697509765625,309,286,402,321,93,35,3255
fenqusai/test_photo/690.jpg,0,0,plate,0.8149032592773438,273,455,385,495,112,40,4480
fenqusai/test_photo/691.jpg,0,0,plate,0.8588790893554688,197,223,357,279,160,56,8960
fenqusai/test_photo/696.jpg,0,0,plate,0.8588790893554688,233,377,385,421,152,44,6688
fenqusai/test_photo/716.jpg,0,0,plate,0.8769989013671875,237,452,420,519,183,67,12261
fenqusai/test_photo/847.jpg,0,0,plate,0.8282623291015625,277,412,346,437,69,25,1725
fenqusai/test_photo/847.jpg,1,2,car,0.6412353515625,491,246,545,286,54,40,2160
fenqusai/test_photo/847.jpg,2,2,car,0.5146026611328125,747,239,799,282,52,43,2236
fenqusai/test_photo/847.jpg,3,2,car,0.4775867462158203,539,246,591,281,52,35,1820
fenqusai/test_photo/968.jpg,0,0,plate,0.8480072021484375,103,212,203,242,100,30,3000
fenqusai/test_photo/969.jpg,0,0,plate,0.8806228637695312,155,222,258,254,103,32,3296
fenqusai/test_photo/971.jpg,0,0,plate,0.8625030517578125,226,228,405,276,179,48,8592
fenqusai/test_photo/974.jpg,0,0,plate,0.8806228637695312,803,463,1011,632,208,169,35152
fenqusai/test_photo/977.jpg,0,0,plate,0.8625030517578125,313,200,419,246,106,46,4876
fenqusai/test_photo/985.jpg,0,0,plate,0.8769989013671875,127,293,250,382,123,89,10947
fenqusai/test_photo/987.jpg,0,0,plate,0.811767578125,290,508,376,534,86,26,2236
fenqusai/test_photo/989.jpg,0,0,plate,0.8691262006759644,121,257,426,337,305,80,24400
fenqusai/test_photo/992.jpg,0,0,plate,0.8588790893554688,188,225,262,249,74,24,1776
fenqusai/test_photo/999.jpg,0,0,plate,0.855255126953125,298,195,393,237,95,42,3990
