image,plate_index,detection_index,gt_text,match,det_score,estimated_type,decoded_type,plate_subtype,plate_type,plate_text,valid,invalid_reason,raw_text,lpr_score,beam_score,crop_path,crop_width,crop_height,x1,y1,x2,y2
fenqusai/test_photo/000000109.jpg,0,0,,,0.723665714263916,green,green,,green,鄂H02143D,True,,鄂H02143D,0.9952084596363515,-0.0864550187081008,fenqusai/tools/pipeline/result_p5_fp_preserve_raw/crops/000000109_plate0.jpg,124,39,5,11,113,40
fenqusai/test_photo/000000110.jpg,0,0,,,0.5963878631591797,green,green,,green,晋R40096F,True,,晋R40096F,0.999708338008933,-0.005250681588556461,fenqusai/tools/pipeline/result_p5_fp_preserve_raw/crops/000000110_plate0.jpg,128,44,18,9,124,40
fenqusai/test_photo/000000125.jpg,0,0,,,0.26182880997657776,green,green,,green,皖E98075D,True,,皖E98075D,0.9900653601159769,-0.17971771884440813,fenqusai/tools/pipeline/result_p5_fp_preserve_raw/crops/000000125_plate0.jpg,128,47,12,5,127,41
fenqusai/test_photo/000000126.jpg,0,0,,,0.6763911247253418,green,blue,,blue,桂NFS061,True,,桂NFS061,0.9981736849970567,-0.032903725490761815,fenqusai/tools/pipeline/result_p5_fp_preserve_raw/crops/000000126_plate0.jpg,112,45,4,7,102,40
fenqusai/test_photo/000000200.jpg,0,0,,,0.7054831981658936,blue,blue,,blue,黑ATFNU0,True,,黑ATFNU0,0.9735169874703018,-0.48312007973421345,fenqusai/tools/pipeline/result_p5_fp_preserve_raw/crops/000000200_plate0.jpg,125,48,25,6,117,43
fenqusai/test_photo/000000206.jpg,0,0,,,0.4072892665863037,yellow,yellow,,yellow,晋ME8U5R,True,,晋ME8U5R,0.925907138654607,-1.3856639687100483,fenqusai/tools/pipeline/result_p5_fp_preserve_raw/crops/000000206_plate0.jpg,128,44,14,8,124,41
fenqusai/test_photo/0302734375-95_254-229&410_508&519-508&519_241&483_229&410_498&439-0_0_5_24_31_24_24_24-105-51.jpg,0,0,皖AF07000,False,0.89874267578125,green,green,,green,川XFD7000,True,,川AXFD7000,0.8153830384578794,-3.6737512256184672,fenqusai/tools/pipeline/result_p5_fp_preserve_raw/crops/0302734375-95_254-229&410_508&519-508&519_241&483_229&410_498&439-0_0_5_24_31_24_24_24-105-51_plate0.jpg,377,149,227,410,506,521
fenqusai/test_photo/0348046875-94_241-216&458_513&576-513&576_249&537_216&458_480&480-0_0_5_24_31_24_30_32-69-40.jpg,0,0,皖AF07068,False,0.8878707885742188,green,special_7,,special_7,川1V7088,True,,川1V7088,0.8320806080187583,-3.3088672478882017,fenqusai/tools/pipeline/result_p5_fp_preserve_raw/crops/0348046875-94_241-216&458_513&576-513&576_249&537_216&458_480&480-0_0_5_24_31_24_30_32-69-40_plate0.jpg,406,156,213,457,514,573
fenqusai/test_photo/034921875-97_247-191&443_489&561-489&561_209&516_191&443_477&482-0_0_3_24_30_28_33_32-65-188.jpg,0,0,皖AD06498,False,0.9023666381835938,green,blue,,blue,粤FQT898,True,,粤6F领领898,0.4669225395790613,-13.708654257778846,fenqusai/tools/pipeline/result_p5_fp_preserve_raw/crops/034921875-97_247-191&443_489&561-489&561_209&516_191&443_477&482-0_0_3_24_30_28_33_32-65-188_plate0.jpg,405,166,190,443,488,567
fenqusai/test_photo/03671875-106_247-213&385_448&542-448&542_221&459_213&385_443&457-0_0_3_26_30_30_26_33-107-61.jpg,0,0,皖AD26629,False,0.8951187133789062,green,green,,green,沪CFT8889,True,,沪CFT8889,0.7952321918656813,-4.124180551152669,fenqusai/tools/pipeline/result_p5_fp_preserve_raw/crops/03671875-106_247-213&385_448&542-448&542_221&459_213&385_443&457-0_0_3_26_30_30_26_33-107-61_plate0.jpg,329,206,208,385,450,539
fenqusai/test_photo/0369140625-81_260-299&432_569&570-559&507_299&570_300&482_569&432-0_0_3_25_24_24_24_26-93-44.jpg,0,0,皖AD10002,False,0.9023666381835938,green,green,,green,湘AD1D4H2,True,,湘AD1D4H2,0.9572760605132004,-0.7859423635372877,fenqusai/tools/pipeline/result_p5_fp_preserve_raw/crops/0369140625-81_260-299&432_569&570-559&507_299&570_300&482_569&432-0_0_3_25_24_24_24_26-93-44_plate0.jpg,366,185,294,434,564,572
fenqusai/test_photo/046015625-97_243-180&408_522&543-522&543_208&495_180&408_501&451-0_0_3_24_30_30_33_25-61-79.jpg,0,0,皖AD06691,,0.8733749389648438,green,green,,green,湘APZM,False,invalid_length_or_empty,湘APZM,0.0,-5.206691386403691,fenqusai/tools/pipeline/result_p5_fp_preserve_raw/crops/046015625-97_243-180&408_522&543-522&543_208&495_180&408_501&451-0_0_3_24_30_30_33_25-61-79_plate0.jpg,466,181,178,412,523,547
fenqusai/test_photo/049921875-80_275-250&410_534&587-534&506_259&587_250&469_530&410-0_0_3_17_25_25_30_25-128-23.jpg,0,0,皖ADT1161,False,0.89874267578125,green,green,,green,皖ADT1A8L,True,,皖KADT1A8警,0.7277704937014083,-5.719851655086586,fenqusai/tools/pipeline/result_p5_fp_preserve_raw/crops/049921875-80_275-250&410_534&587-534&506_259&587_250&469_530&410-0_0_3_17_25_25_30_25-128-23_plate0.jpg,380,247,255,406,535,591
fenqusai/test_photo/1006.jpg,0,0,,,0.8806228637695312,blue,blue,,blue,川DYQ565,True,,川DYQ565,0.9562869741583371,-0.8045501184431529,fenqusai/tools/pipeline/result_p5_fp_preserve_raw/crops/1006_plate0.jpg,135,80,140,291,239,351
fenqusai/test_photo/14.jpg,0,0,,,0.8149032592773438,blue,blue,,blue,津C4298S,True,,津C4298S,0.9153425448932222,-1.5922245196901201,fenqusai/tools/pipeline/result_p5_fp_preserve_raw/crops/14_plate0.jpg,64,34,463,238,509,262
fenqusai/test_photo/18.jpg,0,0,,,0.9018548130989075,blue,blue,,blue,湘C6E599,True,,湘7C6E59港,0.602453508797606,-9.121406047488158,fenqusai/tools/pipeline/result_p5_fp_preserve_raw/crops/18_plate0.jpg,257,138,272,566,462,681
fenqusai/test_photo/195.jpg,0,0,,,0.9091278314590454,green,green,,green,辽F89D0DH,True,,辽8闽D0DH,0.2415613469647548,-25.571372642091774,fenqusai/tools/pipeline/result_p5_fp_preserve_raw/crops/195_plate0.jpg,232,182,130,125,301,261
fenqusai/test_photo/204.jpg,0,0,,,0.865489661693573,blue,blue,,blue,浙DDD544,True,,浙DDD544,0.9276101144801173,-1.3525878552475703,fenqusai/tools/pipeline/result_p5_fp_preserve_raw/crops/204_plate0.jpg,357,107,131,211,394,291
fenqusai/test_photo/210.jpg,0,0,,,0.8516311645507812,blue,blue,,blue,鲁D22222,True,,鲁D22222,0.9815528523319801,-0.33514952734116576,fenqusai/tools/pipeline/result_p5_fp_preserve_raw/crops/210_plate0.jpg,224,70,270,252,436,304
fenqusai/test_photo/211.jpg,0,0,,,0.8335113525390625,blue,blue,,blue,辽A2A6Y9,True,,辽A2A6Y9,0.9392476859555408,-1.1281690484324756,fenqusai/tools/pipeline/result_p5_fp_preserve_raw/crops/211_plate0.jpg,162,78,516,340,636,397
fenqusai/test_photo/212.jpg,0,0,,,0.855255126953125,blue,blue,,blue,桂G00000,False,hallucinated_province,LG00000,0.0,-2.0211685922571405,fenqusai/tools/pipeline/result_p5_fp_preserve_raw/crops/212_plate0.jpg,152,44,252,243,364,275
fenqusai/test_photo/213.jpg,0,0,,,0.8806228637695312,blue,blue,,blue,辽SN469B,True,,辽SN469B,0.8941875811192085,-2.0131146636704145,fenqusai/tools/pipeline/result_p5_fp_preserve_raw/crops/213_plate0.jpg,247,196,458,497,641,643
fenqusai/test_photo/214.jpg,0,0,,,0.8769989013671875,black,black,,black,鲁B91999,True,,鲁B91999,0.9530674539286231,-0.8652527498720133,fenqusai/tools/pipeline/result_p5_fp_preserve_raw/crops/214_plate0.jpg,248,92,236,451,419,519
fenqusai/test_photo/215.jpg,0,0,,,0.884246826171875,blue,blue,,blue,京B911ZB,True,,京B911ZB,0.9892749718366359,-0.19409320501488736,fenqusai/tools/pipeline/result_p5_fp_preserve_raw/crops/215_plate0.jpg,166,50,182,322,304,359
fenqusai/test_photo/216.jpg,0,0,,,0.8298873901367188,unknown_7,blue,,blue,川A85327,True,,川A85327,0.9837553625151431,-0.2948045070588705,fenqusai/tools/pipeline/result_p5_fp_preserve_raw/crops/216_plate0.jpg,129,39,151,146,246,174
fenqusai/test_photo/217.jpg,0,0,,,0.8226394653320312,yellow,yellow,,yellow,川A8T511,False,hallucinated_province,AA8T511,0.0,-3.3041252267074626,fenqusai/tools/pipeline/result_p5_fp_preserve_raw/crops/217_plate0.jpg,191,85,328,356,469,419
fenqusai/test_photo/218.jpg,0,0,,,0.8878707885742188,blue,blue,,blue,皖DJV826,True,,皖DJV826,0.8517454791037193,-2.8884155441199226,fenqusai/tools/pipeline/result_p5_fp_preserve_raw/crops/218_plate0.jpg,151,71,99,331,211,384
fenqusai/test_photo/219.jpg,0,0,,,0.826263427734375,blue,blue,,blue,晋RB520T,True,,晋RB520T,0.9213729532419025,-1.4740268560589058,fenqusai/tools/pipeline/result_p5_fp_preserve_raw/crops/219_plate0.jpg,98,36,326,192,398,218
fenqusai/test_photo/22.jpg,0,0,,,0.8914947509765625,blue,green,,green,湘A67LBVF,True,,湘A67LBVF,0.8594124856782872,-2.7271130288425525,fenqusai/tools/pipeline/result_p5_fp_preserve_raw/crops/22_plate0.jpg,309,209,894,465,1122,621
fenqusai/test_photo/220.jpg,0,0,,,0.8335113525390625,blue,blue,,blue,川DP3333,True,,川DP3333,0.8935453344022538,-2.026047738071128,fenqusai/tools/pipeline/result_p5_fp_preserve_raw/crops/220_plate0.jpg,152,59,229,136,340,179
fenqusai/test_photo/221.jpg,0,0,,,0.7900238037109375,blue,blue,,blue,晋AMV062,True,,晋AMV062,0.934333584678044,-1.2225914545646717,fenqusai/tools/pipeline/result_p5_fp_preserve_raw/crops/221_plate0.jpg,170,54,173,581,298,621
fenqusai/test_photo/222.jpg,0,0,,,0.8509436249732971,green,blue,,blue,川F00006,True,,川F00006,0.9984583156548519,-0.02777173133926425,fenqusai/tools/pipeline/result_p5_fp_preserve_raw/crops/222_plate0.jpg,138,40,31,102,133,131
fenqusai/test_photo/223.jpg,0,0,,,0.8661270141601562,blue,blue,,blue,桂AG9Z10,True,,桂AG9Z10,0.920109768392282,-1.4987214465563738,fenqusai/tools/pipeline/result_p5_fp_preserve_raw/crops/223_plate0.jpg,301,125,504,533,726,626
fenqusai/test_photo/224.jpg,0,0,,,0.8661270141601562,blue,blue,,blue,京NH1N10,True,,京NH1N10,0.9797731633193287,-0.3678156019906851,fenqusai/tools/pipeline/result_p5_fp_preserve_raw/crops/224_plate0.jpg,191,62,156,228,298,273
fenqusai/test_photo/225.jpg,0,0,,,0.8800357580184937,blue,blue,,blue,赣FP9178,True,,赣FP9178,0.9238304372412901,-1.4260812058710144,fenqusai/tools/pipeline/result_p5_fp_preserve_raw/crops/225_plate0.jpg,441,134,242,228,568,328
fenqusai/test_photo/226.jpg,0,0,,,0.8806228637695312,blue,blue,,blue,晋BQQ900,False,hallucinated_province,EBQQ900,0.0,-2.09365646622512,fenqusai/tools/pipeline/result_p5_fp_preserve_raw/crops/226_plate0.jpg,356,112,284,265,547,348
fenqusai/test_photo/227.jpg,0,0,,,0.8282623291015625,black,black,,black,皖C05761,True,,皖C05761,0.9409658808768501,-1.0952711715761723,fenqusai/tools/pipeline/result_p5_fp_preserve_raw/crops/227_plate0.jpg,70,36,387,235,437,262
fenqusai/test_photo/228.jpg,0,0,,,0.8335113525390625,blue,special_7,,special_7,蒙8L6789,True,,蒙8L6789,0.9571374638947686,-0.7885486333993867,fenqusai/tools/pipeline/result_p5_fp_preserve_raw/crops/228_plate0.jpg,67,29,96,146,144,168
fenqusai/test_photo/229.jpg,0,0,,,0.8806228637695312,blue,special_7,,special_7,皖000000,True,,皖000000,0.9573869364930492,-0.7838576440408218,fenqusai/tools/pipeline/result_p5_fp_preserve_raw/crops/229_plate0.jpg,181,69,182,442,315,493
fenqusai/test_photo/25.jpg,0,0,,,0.8769989013671875,blue,blue,,blue,琼ESB945,True,,琼ESB945,0.9881146600646912,-0.21521763487452006,fenqusai/tools/pipeline/result_p5_fp_preserve_raw/crops/25_plate0.jpg,726,230,402,548,939,719
fenqusai/test_photo/26.jpg,0,0,,,0.84075927734375,blue,blue,,blue,晋E7382B,True,,晋E7382B,0.9259740990616299,-1.3843622790526453,fenqusai/tools/pipeline/result_p5_fp_preserve_raw/crops/26_plate0.jpg,224,80,261,498,426,558
fenqusai/test_photo/30.jpg,0,0,,,0.8182430267333984,unknown_7,blue,,blue,云AJH155,True,,云AJH155,0.9679384465332893,-0.5865620763498782,fenqusai/tools/pipeline/result_p5_fp_preserve_raw/crops/30_plate0.jpg,91,30,245,169,312,191
fenqusai/test_photo/3040625-99_253-195&400_483&542-482&542_207&496_195&400_483&450-0_0_3_25_26_30_30_30-114-232.jpg,0,0,皖AD12666,,0.9023666381835938,green,green,,green,辽AD12668,False,hallucinated_province,AAD12668,0.0,-2.316933576241098,fenqusai/tools/pipeline/result_p5_fp_preserve_raw/crops/3040625-99_253-195&400_483&542-482&542_207&496_195&400_483&450-0_0_3_25_26_30_30_30-114-232_plate0.jpg,396,166,191,413,483,537
fenqusai/test_photo/304515625-74_83-221&426_493&594-493&512_237&594_221&506_482&426-0_0_5_24_29_33_29_32-108-73.jpg,0,0,皖AF05958,False,0.9168624877929688,green,green,,green,湘RAEQ95F,True,,湘RAEQ95警,0.7864941611462136,-4.323059646407501,fenqusai/tools/pipeline/result_p5_fp_preserve_raw/crops/304515625-74_83-221&426_493&594-493&512_237&594_221&506_482&426-0_0_5_24_29_33_29_32-108-73_plate0.jpg,366,236,221,422,491,599
fenqusai/test_photo/30671875-101_110-88&427_475&602-475&602_119&522_88&427_458&484-0_0_3_24_30_24_31_33-82-166.jpg,0,0,皖AD06079,False,0.9091278314590454,green,green,,green,川A3DB47P,True,,川83领DB473学,0.38833398400731517,-17.02601146973757,fenqusai/tools/pipeline/result_p5_fp_preserve_raw/crops/30671875-101_110-88&427_475&602-475&602_119&522_88&427_458&484-0_0_3_24_30_24_31_33-82-166_plate0.jpg,509,232,88,424,470,598
fenqusai/test_photo/32.jpg,0,0,,,0.84075927734375,blue,blue,,blue,川AZ0EB3,True,,川AZ0EB3,0.9419719284943224,-1.0760364854940576,fenqusai/tools/pipeline/result_p5_fp_preserve_raw/crops/32_plate0.jpg,253,87,599,529,786,593
fenqusai/test_photo/33.jpg,0,0,,,0.8215827941894531,blue,blue,,blue,辽A8H3J6,False,hallucinated_province,A8H3J6,0.0,-4.747373024482528,fenqusai/tools/pipeline/result_p5_fp_preserve_raw/crops/33_plate0.jpg,154,63,770,331,884,378
fenqusai/test_photo/34.jpg,0,0,,,0.8480072021484375,blue,blue,,blue,黑AJP250,True,,黑AJP250,0.9776559688702198,-0.40675393627694234,fenqusai/tools/pipeline/result_p5_fp_preserve_raw/crops/34_plate0.jpg,124,45,249,285,340,318
fenqusai/test_photo/37.jpg,0,0,,,0.8582166433334351,blue,blue,,blue,藏B98Z10,True,,藏B98Z10,0.9919119089025872,-0.14617758869712816,fenqusai/tools/pipeline/result_p5_fp_preserve_raw/crops/37_plate0.jpg,240,85,20,170,219,233
fenqusai/test_photo/374.jpg,0,0,,,0.8697509765625,blue,blue,,blue,云A12345,True,,云LA12345,0.8767130912185148,-2.368358786123622,fenqusai/tools/pipeline/result_p5_fp_preserve_raw/crops/374_plate0.jpg,298,86,485,605,705,669
fenqusai/test_photo/38.jpg,0,0,,,0.8215827941894531,blue,blue,,blue,新AW6312,True,,新AW6312,0.9863717175068337,-0.24699599966506014,fenqusai/tools/pipeline/result_p5_fp_preserve_raw/crops/38_plate0.jpg,161,52,544,227,662,265
fenqusai/test_photo/38_0576.jpg,0,0,,,0.8516407012939453,blue,blue,,blue,黑D703W6,True,,黑D703W6,0.9262580070257279,-1.37884424124627,fenqusai/tools/pipeline/result_p5_fp_preserve_raw/crops/38_0576_plate0.jpg,143,47,1314,936,1419,970
fenqusai/test_photo/38_0576.jpg,1,1,,,0.8249225616455078,blue,blue,,blue,辽A79P2Z,True,,辽A79P2Z,0.9572987955562077,-0.785514873567017,fenqusai/tools/pipeline/result_p5_fp_preserve_raw/crops/38_0576_plate1.jpg,122,42,600,776,690,807
fenqusai/test_photo/38_0665.jpg,0,0,,,0.8115634918212891,blue,blue,,blue,川A958CT,True,,川A958CT,0.9924084939506405,-0.13716842763754755,fenqusai/tools/pipeline/result_p5_fp_preserve_raw/crops/38_0665_plate0.jpg,144,52,1431,1020,1537,1059
fenqusai/test_photo/38_0665.jpg,1,1,,,0.7514476776123047,blue,blue,,blue,皖AFS675,True,,皖AFS675,0.9424524197397298,-1.066857191442935,fenqusai/tools/pipeline/result_p5_fp_preserve_raw/crops/38_0665_plate1.jpg,102,38,504,681,579,709
fenqusai/test_photo/38_0665.jpg,2,2,,,0.43750953674316406,blue,blue,,blue,川A2898U,True,,川A2898U,0.9911083060354078,-0.160766297669511,fenqusai/tools/pipeline/result_p5_fp_preserve_raw/crops/38_0665_plate2.jpg,68,27,1191,348,1240,367
fenqusai/test_photo/38_0689.jpg,0,0,,,0.7982044219970703,blue,blue,,blue,渝CM3063,True,,渝CM3063,0.941397585488291,-1.0870148669027913,fenqusai/tools/pipeline/result_p5_fp_preserve_raw/crops/38_0689_plate0.jpg,167,52,1402,662,1525,700
fenqusai/test_photo/38_0689.jpg,1,1,,,0.5472183227539062,yellow,yellow,,yellow,川A5930V,True,,川A590V,0.8468818458606029,-2.9914936429267343,fenqusai/tools/pipeline/result_p5_fp_preserve_raw/crops/38_0689_plate1.jpg,134,62,290,336,388,382
fenqusai/test_photo/38_0727.jpg,0,0,,,0.8215827941894531,blue,blue,,blue,宁GY8578,True,,宁GY8578,0.8927245545748541,-2.042589513783895,fenqusai/tools/pipeline/result_p5_fp_preserve_raw/crops/38_0727_plate0.jpg,168,55,1475,699,1599,739
fenqusai/test_photo/38_0727.jpg,1,1,,,0.8182430267333984,blue,blue,,blue,黑AH036Q,True,,黑DAH036Q,0.9274195364083818,-1.3562863463220012,fenqusai/tools/pipeline/result_p5_fp_preserve_raw/crops/38_0727_plate1.jpg,177,56,532,854,663,895
fenqusai/test_photo/38_0738.jpg,0,0,,,0.801544189453125,blue,blue,,blue,吉A6FY80,True,,吉6FY80,0.8783049811516745,-2.3357049609508067,fenqusai/tools/pipeline/result_p5_fp_preserve_raw/crops/38_0738_plate0.jpg,76,41,1,588,68,618
fenqusai/test_photo/38_0738.jpg,1,1,,,0.7881851196289062,blue,blue,,blue,冀BGZ027,True,,冀8GZ027,0.9264624955384523,-1.3748708483476761,fenqusai/tools/pipeline/result_p5_fp_preserve_raw/crops/38_0738_plate1.jpg,135,45,805,720,905,752
fenqusai/test_photo/38_0738.jpg,2,2,,,0.7848453521728516,blue,blue,,blue,黑A85RJ1,True,,黑A85RJ1,0.9912859966072313,-0.15753946202220703,fenqusai/tools/pipeline/result_p5_fp_preserve_raw/crops/38_0738_plate2.jpg,113,44,1386,509,1469,541
fenqusai/test_photo/38_0751.jpg,0,0,,,0.8048839569091797,blue,blue,,blue,湘H67675,True,,湘H67675,0.9059141370933047,-1.7785934793080287,fenqusai/tools/pipeline/result_p5_fp_preserve_raw/crops/38_0751_plate0.jpg,149,62,1262,777,1372,823
fenqusai/test_photo/38_0751.jpg,1,1,,,0.7180500030517578,blue,blue,,blue,皖ATU491,True,,皖ATU491,0.8095598704506249,-3.8027618785542927,fenqusai/tools/pipeline/result_p5_fp_preserve_raw/crops/38_0751_plate1.jpg,120,46,625,503,712,536
fenqusai/test_photo/38_0751.jpg,2,2,,,0.5243434906005859,unknown_7,blue,,blue,湘HAGRRU,True,,湘HAGRU,0.8567242948301727,-2.7835041922874666,fenqusai/tools/pipeline/result_p5_fp_preserve_raw/crops/38_0751_plate2.jpg,100,46,1605,205,1678,239
fenqusai/test_photo/38_0751.jpg,3,3,,,0.35877227783203125,blue,blue,,blue,皖A64983,True,,皖A64983,0.7750804523045782,-4.586192020644361,fenqusai/tools/pipeline/result_p5_fp_preserve_raw/crops/38_0751_plate3.jpg,86,39,1118,70,1181,98
fenqusai/test_photo/38_0754.jpg,0,0,,,0.8249225616455078,blue,blue,,blue,黑CTY806,True,,黑CTY806,0.9735773095906197,-0.48200477867487734,fenqusai/tools/pipeline/result_p5_fp_preserve_raw/crops/38_0754_plate0.jpg,154,61,481,862,595,907
fenqusai/test_photo/38_0754.jpg,1,1,,,0.8215827941894531,blue,blue,,blue,京A3E2S0,True,,京A3E2S0,0.9437279317937748,-1.0425125199973806,fenqusai/tools/pipeline/result_p5_fp_preserve_raw/crops/38_0754_plate1.jpg,137,50,1035,618,1135,655
fenqusai/test_photo/38_0754.jpg,2,2,,,0.6178569793701172,blue,blue,,blue,皖AM02J9,True,,皖A029,0.7971198048772986,-4.08150525047315,fenqusai/tools/pipeline/result_p5_fp_preserve_raw/crops/38_0754_plate2.jpg,92,36,1340,83,1407,109
fenqusai/test_photo/38_0754.jpg,3,3,,,0.2536773681640625,black,black,,black,皖AX6J,False,invalid_length_or_empty,皖AX6J,0.0,-0.8874054766051813,fenqusai/tools/pipeline/result_p5_fp_preserve_raw/crops/38_0754_plate3.jpg,79,32,1613,23,1670,47
fenqusai/test_photo/38_0778.jpg,0,0,,,0.7581272125244141,yellow,yellow,,yellow,川BT9953,True,,川BT9953,0.9646136045082361,-0.6484980179627939,fenqusai/tools/pipeline/result_p5_fp_preserve_raw/crops/38_0778_plate0.jpg,107,44,1124,456,1202,488
fenqusai/test_photo/38_0778.jpg,1,1,,,0.6312160491943359,blue,blue,,blue,京AE229X,True,,京AE229X,0.9485975985872876,-0.9498707473571315,fenqusai/tools/pipeline/result_p5_fp_preserve_raw/crops/38_0778_plate1.jpg,90,34,1457,294,1523,319
fenqusai/test_photo/38_0831.jpg,0,0,,,0.8215827941894531,blue,blue,,blue,川A10JL2,True,,川A10JL2,0.955241529808242,-0.8242390743116346,fenqusai/tools/pipeline/result_p5_fp_preserve_raw/crops/38_0831_plate0.jpg,186,61,557,928,694,973
fenqusai/test_photo/38_0831.jpg,1,1,,,0.8082237243652344,blue,blue,,blue,浙A639MT,True,,浙A639MT,0.9243265742093821,-1.4164170208641664,fenqusai/tools/pipeline/result_p5_fp_preserve_raw/crops/38_0831_plate1.jpg,150,54,1418,674,1529,713
fenqusai/test_photo/38_0838.jpg,0,0,,,0.7982044219970703,blue,blue,,blue,晋AVR196,True,,晋AVR196,0.989960377310566,-0.1816264723150809,fenqusai/tools/pipeline/result_p5_fp_preserve_raw/crops/38_0838_plate0.jpg,142,47,62,648,167,683
fenqusai/test_photo/38_0838.jpg,1,1,,,0.7848453521728516,blue,blue,,blue,川AV97R5,False,hallucinated_province,DAV97R5,0.0,-1.1480487524818273,fenqusai/tools/pipeline/result_p5_fp_preserve_raw/crops/38_0838_plate1.jpg,136,49,1096,641,1196,678
fenqusai/test_photo/38_0860.jpg,0,0,,,0.8149032592773438,yellow,yellow,,yellow,川BX0675,False,hallucinated_province,ABX0675,0.0,-0.986491081922594,fenqusai/tools/pipeline/result_p5_fp_preserve_raw/crops/38_0860_plate0.jpg,196,66,1755,792,1899,841
fenqusai/test_photo/38_0860.jpg,1,1,,,0.74810791015625,blue,blue,,blue,川AZ4Z28,True,,川AZ4Z28,0.9848000647076733,-0.27569949129872384,fenqusai/tools/pipeline/result_p5_fp_preserve_raw/crops/38_0860_plate1.jpg,120,41,601,121,689,151
fenqusai/test_photo/39.jpg,0,0,,,0.8697509765625,unknown_7,blue,,blue,沪B07559,True,,沪B07559,0.9807037334790997,-0.35072765348058965,fenqusai/tools/pipeline/result_p5_fp_preserve_raw/crops/39_plate0.jpg,100,33,200,162,273,186
fenqusai/test_photo/39.jpg,1,1,,,0.37326812744140625,unknown_7,special_7,,special_7,晋1111,False,invalid_length_or_empty,晋1111,0.0,-2.5613897980016844,fenqusai/tools/pipeline/result_p5_fp_preserve_raw/crops/39_plate1.jpg,60,19,170,124,214,138
fenqusai/test_photo/40.jpg,0,0,,,0.8769989013671875,blue,blue,,blue,吉JN8888,True,,吉JN8888,0.9068621885456405,-1.7597660846024539,fenqusai/tools/pipeline/result_p5_fp_preserve_raw/crops/40_plate0.jpg,172,62,240,241,367,287
fenqusai/test_photo/41_0670.jpg,0,0,,,0.8149032592773438,blue,blue,,blue,皖A857LG,True,,皖1A857LG,0.7917748247087678,-4.202608316913029,fenqusai/tools/pipeline/result_p5_fp_preserve_raw/crops/41_0670_plate0.jpg,173,61,1482,881,1610,925
fenqusai/test_photo/41_0670.jpg,1,1,,,0.8048839569091797,blue,blue,,blue,川A51YK7,True,,川AA51YK7,0.8878419174119812,-2.1413083098604986,fenqusai/tools/pipeline/result_p5_fp_preserve_raw/crops/41_0670_plate1.jpg,128,45,603,439,697,472
fenqusai/test_photo/41_0686.jpg,0,0,,,0.8082237243652344,blue,blue,,blue,云D6868X,True,,云ED6868YX,0.7581896488082707,-4.98279110969996,fenqusai/tools/pipeline/result_p5_fp_preserve_raw/crops/41_0686_plate0.jpg,131,50,1157,553,1253,590
fenqusai/test_photo/41_0686.jpg,1,1,,,0.7815055847167969,blue,blue,,blue,冀A8H403,True,,冀A8H403,0.9134856453623194,-1.628777109179282,fenqusai/tools/pipeline/result_p5_fp_preserve_raw/crops/41_0686_plate1.jpg,100,34,208,246,281,271
fenqusai/test_photo/41_0705.jpg,0,0,,,0.8149032592773438,green,green,,green,川AAP8176,True,,川AAP8176,0.9911119261372648,-0.16070055135901384,fenqusai/tools/pipeline/result_p5_fp_preserve_raw/crops/41_0705_plate0.jpg,161,68,1359,832,1478,882
fenqusai/test_photo/41_0705.jpg,1,1,,,0.7915248870849609,blue,blue,,blue,京ATZ369,True,,京ATZ369,0.9680962120238407,-0.5836284730451453,fenqusai/tools/pipeline/result_p5_fp_preserve_raw/crops/41_0705_plate1.jpg,121,41,423,391,511,421
fenqusai/test_photo/41_0734.jpg,0,0,,,0.8082237243652344,blue,blue,,blue,云A5J6V7,True,,云A5J6V7,0.9849497330551379,-0.27296408778442327,fenqusai/tools/pipeline/result_p5_fp_preserve_raw/crops/41_0734_plate0.jpg,123,44,745,532,835,565
fenqusai/test_photo/41_0734.jpg,1,1,,,0.5182266235351562,yellow,yellow,,yellow,辽AUG82学,True,,辽AUG82学,0.8810210977683751,-2.280126704562001,fenqusai/tools/pipeline/result_p5_fp_preserve_raw/crops/41_0734_plate1.jpg,75,29,337,90,392,110
fenqusai/test_photo/41_0752.jpg,0,0,,,0.7781658172607422,blue,blue,,blue,云NH1103,True,,云ZNH1103,0.8981247770628583,-1.934032866731087,fenqusai/tools/pipeline/result_p5_fp_preserve_raw/crops/41_0752_plate0.jpg,120,41,604,585,693,615
fenqusai/test_photo/41_0752.jpg,1,1,,,0.7781658172607422,blue,blue,,blue,川A62B20,True,,川A62B20,0.9819530362525679,-0.32781233450441505,fenqusai/tools/pipeline/result_p5_fp_preserve_raw/crops/41_0752_plate1.jpg,112,37,1253,485,1335,512
fenqusai/test_photo/41_0752.jpg,2,2,,,0.33063697814941406,blue,blue,,blue,皖AAA22K,True,,皖AA22,0.818003762716408,-3.6159901648588857,fenqusai/tools/pipeline/result_p5_fp_preserve_raw/crops/41_0752_plate2.jpg,80,28,1131,237,1189,258
fenqusai/test_photo/41_0752.jpg,3,3,,,0.33063697814941406,blue,blue,,blue,苏,False,invalid_length_or_empty,苏,0.0,-0.1607949137687683,fenqusai/tools/pipeline/result_p5_fp_preserve_raw/crops/41_0752_plate3.jpg,67,36,1866,197,1919,223
fenqusai/test_photo/41_0775.jpg,0,0,,,0.8215827941894531,blue,blue,,blue,辽AA666F,True,,辽AA666F,0.9053234711004485,-1.7903335052441207,fenqusai/tools/pipeline/result_p5_fp_preserve_raw/crops/41_0775_plate0.jpg,170,59,1492,768,1617,812
fenqusai/test_photo/41_0775.jpg,1,1,,,0.7748260498046875,blue,blue,,blue,川A77H3Q,True,,川A77H3Q,0.9948680089112873,-0.09261368970169315,fenqusai/tools/pipeline/result_p5_fp_preserve_raw/crops/41_0775_plate1.jpg,122,43,678,371,767,403
fenqusai/test_photo/41_0793.jpg,0,0,,,0.8516407012939453,blue,blue,,blue,云SC8685,True,,云SC8685,0.9994680183067671,-0.009578218422568341,fenqusai/tools/pipeline/result_p5_fp_preserve_raw/crops/41_0793_plate0.jpg,154,58,381,931,495,974
fenqusai/test_photo/41_0793.jpg,1,1,,,0.6211967468261719,blue,blue,,blue,京A8Y33W,True,,京A8Y33W,0.8829328545017984,-2.241110227254687,fenqusai/tools/pipeline/result_p5_fp_preserve_raw/crops/41_0793_plate1.jpg,97,36,509,392,579,418
fenqusai/test_photo/41_0797.jpg,0,0,,,0.8516407012939453,blue,blue,,blue,云HDF666,True,,云HDF666,0.999292126166128,-0.012746240907340223,fenqusai/tools/pipeline/result_p5_fp_preserve_raw/crops/41_0797_plate0.jpg,147,47,1509,804,1617,838
fenqusai/test_photo/41_0797.jpg,1,1,,,0.7380886077880859,blue,blue,,blue,京A38SU9,True,,京A38SU9,0.8968447147419413,-1.9597058665092888,fenqusai/tools/pipeline/result_p5_fp_preserve_raw/crops/41_0797_plate1.jpg,97,36,1364,285,1436,311
fenqusai/test_photo/41_0801.jpg,0,0,,,0.8316020965576172,blue,blue,,blue,川A9YN87,True,,川A9YN87,0.94746921089748,-0.9712950776737301,fenqusai/tools/pipeline/result_p5_fp_preserve_raw/crops/41_0801_plate0.jpg,157,55,1386,628,1501,668
fenqusai/test_photo/41_0801.jpg,1,1,,,0.8249225616455078,blue,blue,,blue,云A5G1W0,True,,云A5G1W0,0.9517316242192481,-0.8904994428030477,fenqusai/tools/pipeline/result_p5_fp_preserve_raw/crops/41_0801_plate1.jpg,171,56,599,861,725,902
fenqusai/test_photo/41_0801.jpg,2,2,,,0.7581272125244141,blue,blue,,blue,赣A1EM22,True,,赣A1EM22,0.9765873550301218,-0.42643935702641755,fenqusai/tools/pipeline/result_p5_fp_preserve_raw/crops/41_0801_plate2.jpg,125,44,1138,303,1230,336
fenqusai/test_photo/41_0803.jpg,0,0,,,0.8282623291015625,blue,blue,,blue,辽CY3683,False,hallucinated_province,DCY3683,0.0,-3.1809771799538495,fenqusai/tools/pipeline/result_p5_fp_preserve_raw/crops/41_0803_plate0.jpg,165,57,1425,762,1546,804
fenqusai/test_photo/41_0803.jpg,1,1,,,0.7247295379638672,blue,blue,,blue,川A758CP,True,,川A758CP,0.9859849608044949,-0.2540551901328669,fenqusai/tools/pipeline/result_p5_fp_preserve_raw/crops/41_0803_plate1.jpg,108,39,1186,155,1266,184
fenqusai/test_photo/41_0812.jpg,0,0,,,0.8382816314697266,blue,blue,,blue,苏A172LE,True,,苏A172LE,0.8948735852126554,-1.9993106926049222,fenqusai/tools/pipeline/result_p5_fp_preserve_raw/crops/41_0812_plate0.jpg,174,70,259,944,387,996
fenqusai/test_photo/41_0812.jpg,1,1,,,0.49762535095214844,unknown_7,blue,,blue,黑A286MU,True,,黑A286MU,0.886845784436751,-2.161515127565387,fenqusai/tools/pipeline/result_p5_fp_preserve_raw/crops/41_0812_plate1.jpg,82,31,192,92,252,114
fenqusai/test_photo/41_0837.jpg,0,0,,,0.8249225616455078,blue,blue,,blue,辽A3T0Y1,True,,辽A3T0Y1,0.9405777431171725,-1.1026974992830674,fenqusai/tools/pipeline/result_p5_fp_preserve_raw/crops/41_0837_plate0.jpg,157,53,1316,818,1431,857
fenqusai/test_photo/41_0837.jpg,1,1,,,0.6813125610351562,blue,blue,,blue,皖A3P041,True,,皖A3P041,0.9327556112711827,-1.2530169191304026,fenqusai/tools/pipeline/result_p5_fp_preserve_raw/crops/41_0837_plate1.jpg,99,34,422,294,494,319
fenqusai/test_photo/41_0837.jpg,2,2,,,0.25716209411621094,blue,blue,,blue,皖LC8403,True,,皖LLLC8403,0.789995679663477,-4.243100441695788,fenqusai/tools/pipeline/result_p5_fp_preserve_raw/crops/41_0837_plate2.jpg,74,25,1255,184,1310,202
fenqusai/test_photo/41_0847.jpg,0,0,,,0.8149032592773438,blue,blue,,blue,皖AD9G57,True,,皖AD9G57,0.8509358745471779,-2.905533113516867,fenqusai/tools/pipeline/result_p5_fp_preserve_raw/crops/41_0847_plate0.jpg,169,52,1441,858,1565,896
fenqusai/test_photo/41_0847.jpg,1,1,,,0.8048839569091797,blue,blue,,blue,川A720HM,True,,川A720HM,0.9552307672239579,-0.8244418791546195,fenqusai/tools/pipeline/result_p5_fp_preserve_raw/crops/41_0847_plate1.jpg,141,50,410,575,514,612
fenqusai/test_photo/41_0862.jpg,0,0,,,0.8282623291015625,blue,blue,,blue,辽A2UP33,True,,辽A2UP33,0.9646264843132247,-0.6482576782651677,fenqusai/tools/pipeline/result_p5_fp_preserve_raw/crops/41_0862_plate0.jpg,192,63,384,730,525,776
fenqusai/test_photo/41_0862.jpg,1,1,,,0.7714862823486328,blue,blue,,blue,鄂AQ27N5,True,,鄂AQ27N5,0.9062419900411988,-1.7720804056957533,fenqusai/tools/pipeline/result_p5_fp_preserve_raw/crops/41_0862_plate1.jpg,146,56,1294,120,1401,161
fenqusai/test_photo/41_0862.jpg,2,2,,,0.7113704681396484,blue,blue,,blue,川AL743D,True,,川AL743D,0.8526375671615046,-2.869572847295778,fenqusai/tools/pipeline/result_p5_fp_preserve_raw/crops/41_0862_plate2.jpg,130,43,263,53,358,85
fenqusai/test_photo/41_0878.jpg,0,0,,,0.8483009338378906,blue,blue,,blue,云A036MA,True,,云A036MA,0.9845632331217146,-0.2800287773908394,fenqusai/tools/pipeline/result_p5_fp_preserve_raw/crops/41_0878_plate0.jpg,162,55,202,898,321,939
fenqusai/test_photo/41_0878.jpg,1,1,,,0.8449611663818359,blue,green,,green,川AX4X98G,True,,川NAX4X98G,0.9024068915560313,-1.8484157042665714,fenqusai/tools/pipeline/result_p5_fp_preserve_raw/crops/41_0878_plate1.jpg,178,60,1164,1107,1294,1152
fenqusai/test_photo/41_0902.jpg,0,0,,,0.8516407012939453,blue,blue,,blue,吉A678KY,True,,吉A678KY,0.9895419268114641,-0.1892365762087138,fenqusai/tools/pipeline/result_p5_fp_preserve_raw/crops/41_0902_plate0.jpg,141,50,753,893,857,930
fenqusai/test_photo/41_0902.jpg,1,1,,,0.6245365142822266,blue,blue,,blue,蒙KA923S,True,,蒙A923S,0.8475757148537442,-2.9767518838361298,fenqusai/tools/pipeline/result_p5_fp_preserve_raw/crops/41_0902_plate1.jpg,94,35,1522,323,1591,348
fenqusai/test_photo/41_0902.jpg,2,2,,,0.6078376770019531,blue,green,,green,冀A965NAB,True,,冀A965NAB,0.8988705222772827,-1.9190930228314755,fenqusai/tools/pipeline/result_p5_fp_preserve_raw/crops/41_0902_plate2.jpg,87,33,601,378,664,402
fenqusai/test_photo/41_0902.jpg,3,3,,,0.5636592507362366,blue,blue,,blue,冀AZ0068,True,,冀AFZ0068,0.885812490638234,-2.1824997592243847,fenqusai/tools/pipeline/result_p5_fp_preserve_raw/crops/41_0902_plate3.jpg,75,28,983,230,1038,250
fenqusai/test_photo/41_0902.jpg,4,4,,,0.25048255920410156,blue,special_7,,special_7,皖6GB700,True,,皖6GB700,0.8969955671507005,-1.956678458337585,fenqusai/tools/pipeline/result_p5_fp_preserve_raw/crops/41_0902_plate4.jpg,74,28,1410,98,1464,118
fenqusai/test_photo/41_0929.jpg,0,0,,,0.8048839569091797,blue,blue,,blue,皖A0TC57,True,,皖A0TC57,0.884688566203197,-2.205352773030839,fenqusai/tools/pipeline/result_p5_fp_preserve_raw/crops/41_0929_plate0.jpg,150,56,721,710,832,751
fenqusai/test_photo/41_0929.jpg,1,1,,,0.7714862823486328,blue,blue,,blue,蒙AK79S6,True,,蒙AK79S6,0.904089902579786,-1.8148765280104655,fenqusai/tools/pipeline/result_p5_fp_preserve_raw/crops/41_0929_plate1.jpg,106,39,820,241,898,270
fenqusai/test_photo/41_0929.jpg,2,2,,,0.7414283752441406,unknown_7,green,,green,川AA7020U,True,,川AA7020U,0.9710982473730452,-0.5278974150367048,fenqusai/tools/pipeline/result_p5_fp_preserve_raw/crops/41_0929_plate2.jpg,114,44,1441,366,1524,398
fenqusai/test_photo/41_0953.jpg,0,0,,,0.8416213989257812,blue,blue,,blue,云GEY129,False,hallucinated_province,2GEY129,0.0,-3.9167971317586705,fenqusai/tools/pipeline/result_p5_fp_preserve_raw/crops/41_0953_plate0.jpg,215,73,1343,840,1501,895
fenqusai/test_photo/41_0953.jpg,1,1,,,0.8349418640136719,blue,blue,,blue,辽AM609H,False,hallucinated_province,DAM609H,0.0,-5.430510574866716,fenqusai/tools/pipeline/result_p5_fp_preserve_raw/crops/41_0953_plate1.jpg,215,69,255,931,414,981
fenqusai/test_photo/41_0953.jpg,2,2,,,0.7514476776123047,blue,blue,,blue,辽A80J21,True,,辽40J21,0.863620071975738,-2.639202091162133,fenqusai/tools/pipeline/result_p5_fp_preserve_raw/crops/41_0953_plate2.jpg,137,61,1493,202,1593,247
fenqusai/test_photo/41_0999.jpg,0,0,,,0.7948646545410156,blue,blue,,blue,云GFD112,True,,云GFD112,0.9757566238176458,-0.4417575211296878,fenqusai/tools/pipeline/result_p5_fp_preserve_raw/crops/41_0999_plate0.jpg,133,43,1420,716,1517,748
fenqusai/test_photo/41_0999.jpg,1,1,,,0.7748260498046875,blue,blue,,blue,皖A2S8Y5,True,,皖A2S8Y5,0.8731997682938102,-2.4406365538678756,fenqusai/tools/pipeline/result_p5_fp_preserve_raw/crops/41_0999_plate1.jpg,106,37,1102,425,1180,452
fenqusai/test_photo/41_0999.jpg,2,2,,,0.49094581604003906,blue,blue,,blue,辽AARP63,True,,辽ARP63,0.7133429314008358,-6.0802740808209705,fenqusai/tools/pipeline/result_p5_fp_preserve_raw/crops/41_0999_plate2.jpg,85,31,1163,151,1225,174
fenqusai/test_photo/42.jpg,0,0,,,0.8190155029296875,blue,blue,,blue,皖H00351,True,,皖H00351,0.9704562930957995,-0.5398004310691178,fenqusai/tools/pipeline/result_p5_fp_preserve_raw/crops/42_plate0.jpg,95,32,258,442,328,466
fenqusai/test_photo/44.jpg,0,0,,,0.8800357580184937,blue,blue,,blue,苏CFM951,False,hallucinated_province,7CFM951,0.0,-1.6276693764657324,fenqusai/tools/pipeline/result_p5_fp_preserve_raw/crops/44_plate0.jpg,325,100,190,214,429,288
fenqusai/test_photo/46.jpg,0,0,,,0.8769989013671875,blue,blue,,blue,川AAQ621,True,,川AQ621,0.8055050244869468,-3.8931450958842078,fenqusai/tools/pipeline/result_p5_fp_preserve_raw/crops/46_plate0.jpg,202,124,229,593,379,686
fenqusai/test_photo/47.jpg,0,0,,,0.8733749389648438,blue,blue,,blue,川W98888,True,,川WK98888,0.8662132870637103,-2.5852339949791983,fenqusai/tools/pipeline/result_p5_fp_preserve_raw/crops/47_plate0.jpg,223,55,227,340,392,385
fenqusai/test_photo/48.jpg,0,0,,,0.8081436157226562,blue,blue,,blue,川A9412B,True,,川A9412B,0.8987694486326534,-1.9211171496140196,fenqusai/tools/pipeline/result_p5_fp_preserve_raw/crops/48_plate0.jpg,206,73,152,236,303,290
fenqusai/test_photo/48_0073.jpg,0,0,,,0.8115634918212891,blue,blue,,blue,黑E69T3V,True,,黑E69T3V,0.9973466430495176,-0.047823900142788034,fenqusai/tools/pipeline/result_p5_fp_preserve_raw/crops/48_0073_plate0.jpg,147,52,1802,856,1917,894
fenqusai/test_photo/48_0073.jpg,1,1,,,0.6679534912109375,blue,blue,,blue,川A94BC2,True,,川A94BC2,0.9418207483991008,-1.0789255950581946,fenqusai/tools/pipeline/result_p5_fp_preserve_raw/crops/48_0073_plate1.jpg,93,37,1684,143,1751,171
fenqusai/test_photo/48_0193.jpg,0,0,,,0.8449611663818359,blue,blue,,blue,晋E65LP3,True,,晋E65LP3,0.9166459926526699,-1.5666107528479998,fenqusai/tools/pipeline/result_p5_fp_preserve_raw/crops/48_0193_plate0.jpg,213,83,1428,796,1585,857
fenqusai/test_photo/48_0193.jpg,1,1,,,0.8048839569091797,blue,blue,,blue,黑A152RK,True,,黑A152RK,0.9952305338683423,-0.08605577394134656,fenqusai/tools/pipeline/result_p5_fp_preserve_raw/crops/48_0193_plate1.jpg,193,70,345,684,488,736
fenqusai/test_photo/48_0193.jpg,2,2,,,0.7547874450683594,blue,blue,,blue,辽A0U58C,True,,辽A0U58C,0.9681858658138194,-0.581961599980275,fenqusai/tools/pipeline/result_p5_fp_preserve_raw/crops/48_0193_plate2.jpg,149,60,1749,198,1859,242
fenqusai/test_photo/48_0283.jpg,0,0,,,0.8149032592773438,blue,blue,,blue,蒙AH6T16,True,,蒙AH6T16,0.9864681524167878,-0.24523627409683968,fenqusai/tools/pipeline/result_p5_fp_preserve_raw/crops/48_0283_plate0.jpg,163,56,1595,769,1715,811
fenqusai/test_photo/48_0283.jpg,1,1,,,0.7915248870849609,blue,blue,,blue,蒙BJS012,True,,蒙BJS012,0.955857737107114,-0.8126313761076744,fenqusai/tools/pipeline/result_p5_fp_preserve_raw/crops/48_0283_plate1.jpg,165,56,795,718,916,759
fenqusai/test_photo/48_0283.jpg,2,2,,,0.7714862823486328,blue,blue,,blue,川A82MDD,True,,川A82MDD,0.9195121953619472,-1.510415495808104,fenqusai/tools/pipeline/result_p5_fp_preserve_raw/crops/48_0283_plate2.jpg,115,42,791,281,875,312
fenqusai/test_photo/49.jpg,0,0,,,0.8769989013671875,blue,blue,,blue,鄂B44444,True,,鄂B4444,0.8875486795719011,-2.1472543604686365,fenqusai/tools/pipeline/result_p5_fp_preserve_raw/crops/49_plate0.jpg,149,53,337,318,446,358
fenqusai/test_photo/55.jpg,0,0,,,0.8697509765625,green,yellow,,yellow,甘TE学Y4Q,True,,甘T学Y4Q,0.886629801612295,-2.1658993896212166,fenqusai/tools/pipeline/result_p5_fp_preserve_raw/crops/55_plate0.jpg,394,308,117,254,408,485
fenqusai/test_photo/58.jpg,0,0,,,0.8733749389648438,blue,blue,,blue,渝E22602,True,,渝E22602,0.946470653689307,-0.9902756501287158,fenqusai/tools/pipeline/result_p5_fp_preserve_raw/crops/58_plate0.jpg,308,135,274,699,502,800
fenqusai/test_photo/64_0236.jpg,0,0,,,0.8149032592773438,blue,blue,,blue,冀A1QT20,True,,冀A1QT20,0.975264773602298,-0.45083307927120586,fenqusai/tools/pipeline/result_p5_fp_preserve_raw/crops/64_0236_plate0.jpg,146,55,1496,519,1604,559
fenqusai/test_photo/64_0236.jpg,1,1,,,0.7982044219970703,yellow,yellow,,yellow,鲁E63893,True,,鲁E63893,0.9650688596032251,-0.6400048155688864,fenqusai/tools/pipeline/result_p5_fp_preserve_raw/crops/64_0236_plate1.jpg,162,57,540,717,659,759
fenqusai/test_photo/64_0236.jpg,2,2,,,0.47090721130371094,blue,blue,,blue,皖J8W671,True,,皖J8W671,0.8590477217710573,-2.7347544631920755,fenqusai/tools/pipeline/result_p5_fp_preserve_raw/crops/64_0236_plate2.jpg,110,39,1126,179,1206,207
fenqusai/test_photo/64_0833.jpg,0,0,,,0.7714862823486328,yellow,special_7,,special_7,吉819210,True,,吉819210,0.9390185314085314,-1.1325611647666776,fenqusai/tools/pipeline/result_p5_fp_preserve_raw/crops/64_0833_plate0.jpg,129,47,667,738,762,773
fenqusai/test_photo/64_0833.jpg,1,1,,,0.7447681427001953,blue,blue,,blue,川A6P2V8,True,,川A6P2V8,0.9758961637575918,-0.4391835807861,fenqusai/tools/pipeline/result_p5_fp_preserve_raw/crops/64_0833_plate1.jpg,131,45,1799,968,1896,1000
fenqusai/test_photo/64_0833.jpg,2,2,,,0.5477218627929688,blue,blue,,blue,蒙A09Y3B,True,,蒙A09Y3B,0.9250420447333393,-1.4024895972647542,fenqusai/tools/pipeline/result_p5_fp_preserve_raw/crops/64_0833_plate2.jpg,83,29,1626,244,1687,266
fenqusai/test_photo/653.jpg,0,0,,,0.8697509765625,blue,blue,,blue,桂AG9Z10,True,,桂AG9Z10,0.9676337242720106,-0.5922296518927226,fenqusai/tools/pipeline/result_p5_fp_preserve_raw/crops/653_plate0.jpg,299,125,504,533,725,626
fenqusai/test_photo/655.jpg,0,0,,,0.8249225616455078,blue,blue,,blue,甘A70M53,True,,甘A70M53,0.9600394479104325,-0.7340562682402236,fenqusai/tools/pipeline/result_p5_fp_preserve_raw/crops/655_plate0.jpg,157,54,558,242,673,282
fenqusai/test_photo/657.jpg,0,0,,,0.8769989013671875,blue,blue,,blue,黑D8880D,True,,黑D8880D,0.9978842251866161,-0.03812429208642243,fenqusai/tools/pipeline/result_p5_fp_preserve_raw/crops/657_plate0.jpg,184,65,281,353,416,401
fenqusai/test_photo/667.jpg,0,0,,,0.8697509765625,blue,blue,,blue,青G04444,True,,青G04444,0.87368737340876,-2.430587945589167,fenqusai/tools/pipeline/result_p5_fp_preserve_raw/crops/667_plate0.jpg,152,43,154,130,266,161
fenqusai/test_photo/668.jpg,0,0,,,0.811767578125,unknown_7,blue,,blue,沪B0X288,True,,沪2B0X288,0.8578858029455122,-2.7591171327439596,fenqusai/tools/pipeline/result_p5_fp_preserve_raw/crops/668_plate0.jpg,87,27,186,150,250,169
fenqusai/test_photo/673.jpg,0,0,,,0.8473071455955505,blue,blue,,blue,苏F43795,True,,苏F43795,0.9709918965641177,-0.529868811234337,fenqusai/tools/pipeline/result_p5_fp_preserve_raw/crops/673_plate0.jpg,421,128,211,289,522,384
fenqusai/test_photo/675.jpg,0,0,,,0.8443832397460938,blue,blue,,blue,云AV6600,True,,云AV6600,0.9831007309082092,-0.30678644045940473,fenqusai/tools/pipeline/result_p5_fp_preserve_raw/crops/675_plate0.jpg,179,56,152,143,284,184
fenqusai/test_photo/677.jpg,0,0,,,0.8215827941894531,unknown_7,blue,,blue,沪A00T45,True,,沪A00T45,0.9411762279269232,-1.091247833594018,fenqusai/tools/pipeline/result_p5_fp_preserve_raw/crops/677_plate0.jpg,90,27,386,132,452,152
fenqusai/test_photo/678.jpg,0,0,,,0.8625030517578125,blue,blue,,blue,皖R56789,True,,皖R56789,0.9925125707210217,-0.13528081416825444,fenqusai/tools/pipeline/result_p5_fp_preserve_raw/crops/678_plate0.jpg,187,55,197,202,335,243
fenqusai/test_photo/680.jpg,0,0,,,0.8048839569091797,blue,blue,,blue,皖D19H58,True,,皖D19H58,0.9598322460040671,-0.7379415636387421,fenqusai/tools/pipeline/result_p5_fp_preserve_raw/crops/680_plate0.jpg,63,34,408,222,454,246
fenqusai/test_photo/681.jpg,0,0,,,0.8335113525390625,blue,blue,,blue,云EZ1H19,True,,云EZ1H19,0.934118063022559,-1.2267439728497536,fenqusai/tools/pipeline/result_p5_fp_preserve_raw/crops/681_plate0.jpg,220,87,133,186,295,251
fenqusai/test_photo/684.jpg,0,0,,,0.8473071455955505,blue,blue,,blue,云CC6586,True,,云CC6586,0.9043525858447545,-1.8096473887561615,fenqusai/tools/pipeline/result_p5_fp_preserve_raw/crops/684_plate0.jpg,228,59,46,89,213,133
fenqusai/test_photo/686.jpg,0,0,,,0.9096145629882812,blue,blue,,blue,京P9WH18,True,,京P9WH18,0.9923715595301172,-0.13783834526225291,fenqusai/tools/pipeline/result_p5_fp_preserve_raw/crops/686_plate0.jpg,259,68,229,236,421,286
fenqusai/test_photo/687.jpg,0,0,,,0.8697509765625,blue,blue,,blue,京A9826N,True,,京A9826N,0.924552290268217,-1.41202204490628,fenqusai/tools/pipeline/result_p5_fp_preserve_raw/crops/687_plate0.jpg,126,48,309,286,402,321
fenqusai/test_photo/690.jpg,0,0,,,0.8149032592773438,blue,blue,,blue,川AY607E,True,,川AY607E,0.9700631621194873,-0.5470936923156486,fenqusai/tools/pipeline/result_p5_fp_preserve_raw/crops/690_plate0.jpg,153,54,273,455,385,495
fenqusai/test_photo/691.jpg,0,0,,,0.8588790893554688,blue,blue,,blue,甘AAS999,True,,甘AAS999,0.9992147212202136,-0.01414057090823917,fenqusai/tools/pipeline/result_p5_fp_preserve_raw/crops/691_plate0.jpg,216,76,197,223,357,279
fenqusai/test_photo/696.jpg,0,0,,,0.8588790893554688,blue,blue,,blue,鄂N77777,True,,鄂N77777,0.9742542724572301,-0.46949308905868037,fenqusai/tools/pipeline/result_p5_fp_preserve_raw/crops/696_plate0.jpg,205,59,233,377,385,421
fenqusai/test_photo/716.jpg,0,0,,,0.8769989013671875,black,black,,black,鲁B91999,True,,鲁B91999,0.9633287774460875,-0.6724892852940769,fenqusai/tools/pipeline/result_p5_fp_preserve_raw/crops/716_plate0.jpg,248,90,237,452,420,519
fenqusai/test_photo/847.jpg,0,0,,,0.8282623291015625,yellow,yellow,,yellow,云B87057,True,,云B87057,0.9628488822773813,-0.6814584612907311,fenqusai/tools/pipeline/result_p5_fp_preserve_raw/crops/847_plate0.jpg,95,34,277,412,346,437
fenqusai/test_photo/968.jpg,0,0,,,0.8480072021484375,black,black,,black,云A60888,True,,云A60888,0.952348453418572,-0.878837195918976,fenqusai/tools/pipeline/result_p5_fp_preserve_raw/crops/968_plate0.jpg,135,41,103,212,203,242
fenqusai/test_photo/969.jpg,0,0,,,0.8806228637695312,blue,blue,,blue,川AG6666,True,,川AG666,0.8807613787291818,-2.2854337646579097,fenqusai/tools/pipeline/result_p5_fp_preserve_raw/crops/969_plate0.jpg,140,43,155,222,258,254
fenqusai/test_photo/971.jpg,0,0,,,0.8625030517578125,blue,blue,,blue,辽F88888,True,,辽F88888,0.920744632198806,-1.4863059627822963,fenqusai/tools/pipeline/result_p5_fp_preserve_raw/crops/971_plate0.jpg,242,64,226,228,405,276
fenqusai/test_photo/974.jpg,0,0,,,0.8806228637695312,blue,blue,,blue,川AA4V99,True,,川A4V99,0.7810921096512115,-4.447119564051491,fenqusai/tools/pipeline/result_p5_fp_preserve_raw/crops/974_plate0.jpg,282,226,803,463,1011,632
fenqusai/test_photo/977.jpg,0,0,,,0.8625030517578125,blue,blue,,blue,桂A779D1,True,,桂A779D1,0.9720034939655383,-0.5111258384413304,fenqusai/tools/pipeline/result_p5_fp_preserve_raw/crops/977_plate0.jpg,144,62,313,200,419,246
fenqusai/test_photo/985.jpg,0,0,,,0.8769989013671875,blue,blue,,blue,湘FD5352,True,,湘FD5352,0.8407080470971704,-3.123194921742538,fenqusai/tools/pipeline/result_p5_fp_preserve_raw/crops/985_plate0.jpg,167,119,127,293,250,382
fenqusai/test_photo/987.jpg,0,0,,,0.811767578125,blue,green,,green,皖SAQ2152,True,,皖9AQ2152,0.7667916058359776,-4.77972386777401,fenqusai/tools/pipeline/result_p5_fp_preserve_raw/crops/987_plate0.jpg,118,37,290,508,376,534
fenqusai/test_photo/989.jpg,0,0,,,0.8691262006759644,blue,blue,,blue,京JAY888,False,hallucinated_province,8JAY888,0.0,-1.766677580758369,fenqusai/tools/pipeline/result_p5_fp_preserve_raw/crops/989_plate0.jpg,412,108,121,257,426,337
fenqusai/test_photo/992.jpg,0,0,,,0.8588790893554688,blue,blue,,blue,苏B99999,True,,苏B99999,0.9077693482374701,-1.7417691794652796,fenqusai/tools/pipeline/result_p5_fp_preserve_raw/crops/992_plate0.jpg,102,33,188,225,262,249
fenqusai/test_photo/999.jpg,0,0,,,0.855255126953125,blue,blue,,blue,皖A562H3,True,,皖A562H3,0.8687783177391595,-2.5320111601612894,fenqusai/tools/pipeline/result_p5_fp_preserve_raw/crops/999_plate0.jpg,129,56,298,195,393,237
